version,version_date,name,full_name,country_flag,description,image,height,weight,positions,dob,overall_rating,potential,value,wage,profile_preferred_foot,profile_weak_foot,profile_skill_moves,profile_international_reputation,profile_work_rate,profile_body_type,profile_real_face,profile_release_clause,profile_id,specialities,club_id,club_name,club_logo,club_rating,club_position,club_kit_number,club_joined,club_contract_valid_until,country_id,country_name,country_logo,country_rating,country_position,country_kit_number,crossing,finishing,heading_accuracy,short_passing,volleys,dribbling,curve,fk_accuracy,long_passing,ball_control,acceleration,sprint_speed,agility,reactions,balance,shot_power,jumping,stamina,strength,long_shots,aggression,interceptions,positioning,vision,penalties,composure,defensive_awareness,standing_tackle,sliding_tackle,gk_diving,gk_handling,gk_kicking,gk_positioning,gk_reflexes,traits
230025,2023-04-06,Kylian Mbappé,Kylian Mbappé Lottin,https://cdn.sofifa.net/flags/fr.png,"Kylian Mbappé (Kylian Mbappé Lottin, born 20 December 1998) is a French footballer who plays as a striker for French club Paris Saint Germain, and the France national team. In the game FIFA 23 his overall rating is 91.",https://cdn.sofifa.net/players/231/747/23_120.png,182,165,"ST,LW",1998-12-20,91,95,€190.5M,€230K,right,4,5,4,high/low,unique,yes,€366.7m,231747,"Speedster,Dribbler,Acrobat,Clinical finisher,Complete forward",73,Paris Saint Germain,https://cdn.sofifa.net/teams/73/60.png,84,LS,7,2018-07-01,2024,1335,France,https://cdn.sofifa.net/teams/1335/60.png,83,lw,10,78,93,72,85,83,93,80,69,71,91,97,97,93,93,81,88,77,87,76,82,64,38,92,83,84,88,26,34,32,13,5,7,11,6,"Solid player,Flair,Speed dribbler (AI),Outside foot shot,Technical dribbler (AI)"
230025,2023-04-06,Kevin De Bruyne,Kevin De Bruyne,https://cdn.sofifa.net/flags/be.png,"Kevin De Bruyne (born 28 June 1991) is a Belgian footballer who plays as a centre midfield for British club Manchester City, and the Belgium national team. In the game FIFA 23 his overall rating is 91.",https://cdn.sofifa.net/players/192/985/23_120.png,181,165,"CM,CAM",1991-06-28,91,91,€107.5M,€350K,right,5,4,4,high/medium,unique,yes,€198.9m,192985,"Dribbler,Playmaker,Distance shooter,Crosser,Complete midfielder",10,Manchester City,https://cdn.sofifa.net/teams/10/60.png,85,RCM,17,2015-08-30,2025,1325,Belgium,https://cdn.sofifa.net/teams/1325/60.png,80,rf,7,94,85,55,93,83,86,89,83,93,90,75,73,76,91,78,92,63,89,74,91,75,65,88,94,83,88,66,66,53,15,13,5,10,13,"Injury prone,Leadership,Early crosser,Long passer (AI),Long shot taker (AI),Playmaker (AI),Outside foot shot"
230025,2023-04-06,Robert Lewandowski,Robert Lewandowski,https://cdn.sofifa.net/flags/pl.png,"Robert Lewandowski (born 21 August 1988) is a Polish footballer who plays as a striker for Spanish club FC Barcelona, and the Poland national team. In the game FIFA 23 his overall rating is 91.",https://cdn.sofifa.net/players/188/545/23_120.png,185,179,ST,1988-08-21,91,91,€84M,€420K,right,4,4,5,high/medium,unique,yes,€172.2m,188545,"Aerial threat,Distance shooter,Clinical finisher,Complete forward",241,FC Barcelona,https://cdn.sofifa.net/teams/241/60.png,83,ST,9,2022-07-18,2025,1353,Poland,https://cdn.sofifa.net/teams/1353/60.png,77,st,9,71,94,91,84,89,85,79,85,70,89,76,75,77,93,82,91,85,76,87,84,81,49,94,81,90,88,35,42,19,15,6,12,8,10,"Solid player,Finesse shot,Outside foot shot,Chip shot (AI)"
230025,2023-04-06,Karim Benzema,Karim Benzema,https://cdn.sofifa.net/flags/fr.png,Karim Benzema (born 19 December 1987) is a French footballer who plays as a centre forward for Spanish club Real Madrid. In the game FIFA 23 his overall rating is 91.,https://cdn.sofifa.net/players/165/153/23_120.png,185,179,"CF,ST",1987-12-19,91,91,€64M,€450K,right,4,4,4,medium/medium,normal (170-185),yes,€131.2m,165153,"Poacher,Clinical finisher",243,Real Madrid,https://cdn.sofifa.net/teams/243/60.png,85,CF,9,2009-07-09,2023,,,,,,,75,91,90,89,88,87,82,73,76,91,78,79,77,92,72,87,79,82,82,81,63,39,92,90,82,90,43,24,18,13,11,5,5,7,"Leadership,Finesse shot,Playmaker (AI),Outside foot shot,Team player"
230025,2023-04-06,Lionel Messi,Lionel Andrés Messi Cuccittini,https://cdn.sofifa.net/flags/ar.png,"Lionel Messi (Lionel Andrés Messi Cuccittini, born 24 June 1987) is an Argentine footballer who plays as a right winger for French club Paris Saint Germain, and the Argentina national team. In the game FIFA 23 his overall rating is 91.",https://cdn.sofifa.net/players/158/023/23_120.png,169,148,RW,1987-06-24,91,91,€54M,€195K,left,4,4,5,low/low,unique,yes,€99.9m,158023,"Dribbler,Distance shooter,FK Specialist,Acrobat,Clinical finisher,Complete forward",73,Paris Saint Germain,https://cdn.sofifa.net/teams/73/60.png,84,RS,30,2021-08-10,2023,1369,Argentina,https://cdn.sofifa.net/teams/1369/60.png,83,rw,10,84,90,70,91,88,95,93,93,90,93,87,76,91,92,95,86,68,70,68,91,44,40,93,94,75,96,20,35,24,6,11,15,14,8,"Finesse shot,Long shot taker (AI),Playmaker (AI),Outside foot shot,Chip shot (AI),Technical dribbler (AI)"
230025,2023-04-06,Thibaut Courtois,Thibaut Nicolas Marc Courtois,https://cdn.sofifa.net/flags/be.png,"Thibaut Courtois (Thibaut Nicolas Marc Courtois, born 11 May 1992) is a Belgian footballer who plays as a goalkeeper for Spanish club Real Madrid, and the Belgium national team. In the game FIFA 23 his overall rating is 90.",https://cdn.sofifa.net/players/192/119/23_120.png,199,212,GK,1992-05-11,90,91,€90M,€250K,left,3,1,4,medium/medium,unique,yes,€191.3m,192119,,243,Real Madrid,https://cdn.sofifa.net/teams/243/60.png,85,GK,1,2018-08-09,2026,1325,Belgium,https://cdn.sofifa.net/teams/1325/60.png,80,gk,1,14,14,13,33,12,13,19,20,35,23,42,52,63,84,45,56,68,38,70,17,23,15,13,44,27,66,20,18,16,84,89,75,89,90,"GK Long throw,Comes for crosses"
230025,2023-04-06,Erling Haaland,Erling Braut Haaland,https://cdn.sofifa.net/flags/no.png,"Erling Haaland (Erling Braut Haaland, born 21 July 2000) is a Norwegian footballer who plays as a striker for British club Manchester City, and the Norway national team. In the game FIFA 23 his overall rating is 89.",https://cdn.sofifa.net/players/239/085/23_120.png,195,207,ST,2000-07-21,89,94,€160M,€230K,left,3,3,4,high/medium,unique,yes,€308m,239085,"Aerial threat,Distance shooter,Strength,Clinical finisher,Complete forward",10,Manchester City,https://cdn.sofifa.net/teams/10/60.png,85,ST,9,2022-07-01,2027,1352,Norway,https://cdn.sofifa.net/teams/1352/60.png,76,st,9,47,94,80,74,88,78,77,62,53,82,82,94,76,89,74,94,74,81,93,87,87,42,92,74,84,86,41,53,29,7,14,13,11,7,"Speed dribbler (AI),Power header"
230025,2023-04-06,Alisson,Alisson Ramsés Becker,https://cdn.sofifa.net/flags/br.png,"Alisson (Alisson Ramsés Becker, born 2 October 1992) is a Brazilian footballer who plays as a goalkeeper for British club Liverpool. In the game FIFA 23 his overall rating is 89.",https://cdn.sofifa.net/players/212/831/23_120.png,193,201,GK,1992-10-02,89,90,€79M,€190K,right,3,1,3,medium/medium,unique,yes,€152.1m,212831,,9,Liverpool,https://cdn.sofifa.net/teams/9/60.png,84,GK,1,2018-07-19,2027,,,,,,,17,13,29,60,20,27,19,18,58,40,58,49,40,87,37,64,52,32,78,14,27,11,13,66,23,66,15,19,16,86,85,85,90,89,"GK Long throw,Rushes out of goal,Comes for crosses"
230025,2023-04-06,Joshua Kimmich,Joshua Walter Kimmich,https://cdn.sofifa.net/flags/de.png,"Joshua Kimmich (Joshua Walter Kimmich, born 8 February 1995) is a German footballer who plays as a central defensive midfielder for German club FC Bayern München, and the Germany national team. In the game FIFA 23 his overall rating is 89.",https://cdn.sofifa.net/players/212/622/23_120.png,177,165,"CDM,RB,CM",1995-02-08,89,90,€105.5M,€130K,right,4,3,4,high/medium,normal (170-185),yes,€182m,212622,Crosser,21,FC Bayern München,https://cdn.sofifa.net/teams/21/60.png,85,CDM,6,2015-07-01,2025,1337,Germany,https://cdn.sofifa.net/teams/1337/60.png,82,rdm,6,91,68,72,87,69,82,85,73,90,85,77,60,84,88,84,78,79,94,68,83,89,85,80,85,44,85,84,85,78,8,15,7,15,15,"Leadership,Long passer (AI),Playmaker (AI)"
230025,2023-04-06,Mohamed Salah,Mohamed Salah Ghaly,https://cdn.sofifa.net/flags/eg.png,"Mohamed Salah (Mohamed Salah Ghaly, born 15 June 1992) is an Egyptian footballer who plays as a right winger for British club Liverpool. In the game FIFA 23 his overall rating is 89.",https://cdn.sofifa.net/players/209/331/23_120.png,175,157,RW,1992-06-15,89,89,€99.5M,€260K,left,3,4,4,high/medium,unique,yes,€184.1m,209331,"Dribbler,Acrobat,Clinical finisher,Complete forward",9,Liverpool,https://cdn.sofifa.net/teams/9/60.png,84,RW,11,2017-07-01,2025,,,,,,,80,92,59,84,83,88,84,69,77,86,89,89,89,92,91,82,69,87,76,84,63,55,91,84,83,90,38,43,41,14,14,9,11,14,"Finesse shot,Long shot taker (AI),Speed dribbler (AI),Outside foot shot,Chip shot (AI)"
230025,2023-04-06,Harry Kane,Harry Kane,https://cdn.sofifa.net/flags/gb-eng.png,"Harry Kane (born 28 July 1993) is a British footballer who plays as a striker for British club Tottenham Hotspur, and the England national team. In the game FIFA 23 his overall rating is 89.",https://cdn.sofifa.net/players/202/126/23_120.png,188,196,ST,1993-07-28,89,89,€105.5M,€240K,right,5,3,4,high/high,unique,yes,€200.5m,202126,"Distance shooter,Clinical finisher",18,Tottenham Hotspur,https://cdn.sofifa.net/teams/18/60.png,82,ST,10,2010-07-28,2024,1318,England,https://cdn.sofifa.net/teams/1318/60.png,83,st,9,80,93,87,84,87,83,82,65,86,86,67,70,66,92,73,92,79,83,83,86,80,42,94,87,92,92,50,36,38,8,10,11,14,11,"Leadership,Long passer (AI),Long shot taker (AI),Playmaker (AI),Outside foot shot"
230025,2023-04-06,Jan Oblak,Jan Oblak,https://cdn.sofifa.net/flags/si.png,Jan Oblak (born 7 January 1993) is a Slovenian footballer who plays as a goalkeeper for Spanish club Atlético Madrid. In the game FIFA 23 his overall rating is 89.,https://cdn.sofifa.net/players/200/389/23_120.png,188,192,GK,1993-01-07,89,90,€79M,€100K,right,3,1,5,medium/medium,unique,yes,€167.9m,200389,,240,Atlético Madrid,https://cdn.sofifa.net/teams/240/60.png,83,GK,13,2014-07-16,2028,,,,,,,13,11,15,43,13,12,13,14,40,30,42,53,64,86,48,59,77,42,78,12,36,24,11,67,11,68,27,14,18,86,90,79,87,89,"GK Long throw,Comes for crosses"
230025,2023-04-06,Casemiro,Carlos Henrique Venancio Casimiro,https://cdn.sofifa.net/flags/br.png,"Casemiro (Carlos Henrique Casimiro, born 23 February 1992) is a Brazilian footballer who plays as a central defensive midfielder for British club Manchester United. In the game FIFA 23 his overall rating is 89.",https://cdn.sofifa.net/players/200/145/23_120.png,185,185,CDM,1992-02-23,89,89,€86M,€240K,right,3,2,3,medium/high,unique,yes,€163.4m,200145,"Tackling,Tactician,Strength,Complete defender",11,Manchester United,https://cdn.sofifa.net/teams/11/60.png,82,RDM,18,2022-08-19,2026,,,,,,,62,64,81,84,65,69,72,74,84,79,60,66,61,88,66,88,85,88,90,81,91,89,75,79,66,85,90,89,88,13,14,16,12,12,"Power free-kick,Solid player,Dives into tackles (AI),Long passer (AI),Long shot taker (AI),Team player"
230025,2023-04-06,Neymar Jr,Neymar da Silva Santos Júnior,https://cdn.sofifa.net/flags/br.png,"Neymar Jr (Neymar da Silva Santos Júnior, born 5 February 1992) is a Brazilian footballer who plays as a left winger for French club Paris Saint Germain. In the game FIFA 23 his overall rating is 89.",https://cdn.sofifa.net/players/190/871/23_120.png,175,150,LW,1992-02-05,89,89,€99.5M,€200K,right,5,5,5,high/medium,unique,yes,€184.1m,190871,"Dribbler,FK Specialist,Acrobat",73,Paris Saint Germain,https://cdn.sofifa.net/teams/73/60.png,84,RES,10,2017-08-03,2025,,,,,,,83,83,63,85,86,95,88,87,81,94,88,86,93,88,82,79,62,79,52,81,63,37,86,90,91,93,35,32,29,9,9,15,15,11,"Injury prone,Flair,Speed dribbler (AI),Playmaker (AI),Outside foot shot,Technical dribbler (AI)"
230025,2023-04-06,Manuel Neuer,Manuel Peter Neuer,https://cdn.sofifa.net/flags/de.png,"Manuel Neuer (Manuel Peter Neuer, born 27 March 1986) is a German footballer who plays as a goalkeeper for German club FC Bayern München. In the game FIFA 23 his overall rating is 89.",https://cdn.sofifa.net/players/167/495/23_120.png,193,205,GK,1986-03-27,89,89,€11.5M,€69K,right,4,1,5,medium/medium,unique,yes,€19m,167495,,21,FC Bayern München,https://cdn.sofifa.net/teams/21/60.png,85,RES,1,2011-07-01,2024,,,,,,,15,13,25,60,11,30,14,11,68,46,48,50,51,85,35,68,77,43,80,16,29,30,12,70,47,70,17,10,11,87,88,90,88,87,"Leadership,GK Long throw,Rushes out of goal,Comes for crosses"
230025,2023-04-06,Rúben Dias,Rúben dos Santos Gato Alves Dias,https://cdn.sofifa.net/flags/pt.png,"Rúben Dias (Rúben dos Santos Gato Alves Dias, born 14 May 1997) is a Portuguese footballer who plays as a centre back for British club Manchester City, and the Portugal national team. In the game FIFA 23 his overall rating is 88.",https://cdn.sofifa.net/players/239/818/23_120.png,187,181,CB,1997-05-14,88,91,€107.5M,€230K,right,4,2,3,medium/high,normal (185+),yes,€206.9m,239818,"Tackling,Tactician,Strength,Complete defender",10,Manchester City,https://cdn.sofifa.net/teams/10/60.png,85,LCB,3,2020-09-29,2027,1354,Portugal,https://cdn.sofifa.net/teams/1354/60.png,83,cb,4,54,29,87,82,32,64,46,48,76,74,54,69,60,89,56,74,78,77,90,26,92,86,39,51,45,81,90,88,85,7,8,13,7,12,"Leadership,Power header"
230025,2023-04-06,Gianluigi Donnarumma,Gianluigi Donnarumma,https://cdn.sofifa.net/flags/it.png,"Gianluigi Donnarumma (born 25 February 1999) is an Italian footballer who plays as a goalkeeper for French club Paris Saint Germain, and the Italy national team. In the game FIFA 23 his overall rating is 88.",https://cdn.sofifa.net/players/230/621/23_120.png,196,198,GK,1999-02-25,88,92,€103.5M,€110K,right,3,1,3,medium/medium,unique,yes,€199.2m,230621,,73,Paris Saint Germain,https://cdn.sofifa.net/teams/73/60.png,84,GK,99,2021-07-15,2026,1343,Italy,https://cdn.sofifa.net/teams/1343/60.png,82,gk,1,12,12,12,36,8,28,12,14,34,30,50,55,64,85,38,59,72,34,72,18,30,26,14,60,24,65,20,14,16,90,82,79,85,89,"Rushes out of goal,Comes for crosses"
230025,2023-04-06,Bernardo Silva,Bernardo Mota Veiga de Carvalho e Silva,https://cdn.sofifa.net/flags/pt.png,"Bernardo Silva (Bernardo Mota Veiga de Carvalho e Silva, born 10 August 1994) is a Portuguese footballer who plays as a centre midfield for British club Manchester City, and the Portugal national team. In the game FIFA 23 his overall rating is 88.",https://cdn.sofifa.net/players/218/667/23_120.png,173,141,CM,1994-08-10,88,88,€96.5M,€260K,left,3,4,2,high/high,lean (170-185),yes,€178.5m,218667,"Dribbler,Playmaker,Engine,Acrobat,Complete midfielder",10,Manchester City,https://cdn.sofifa.net/teams/10/60.png,85,SUB,20,2017-07-01,2025,1354,Portugal,https://cdn.sofifa.net/teams/1354/60.png,83,rcm,10,84,78,51,91,78,92,84,67,80,91,78,64,95,88,92,79,51,93,54,78,78,69,83,86,68,89,70,74,60,9,10,14,12,9,"Flair,Playmaker (AI),Outside foot shot,Team player,Technical dribbler (AI)"
230025,2023-04-06,N'Golo Kanté,N'Golo Kanté,https://cdn.sofifa.net/flags/fr.png,N'Golo Kanté (born 29 March 1991) is a French footballer who plays as a central defensive midfielder for British club Chelsea. In the game FIFA 23 his overall rating is 88.,https://cdn.sofifa.net/players/215/914/23_120.png,168,154,"CDM,CM",1991-03-29,88,88,€64M,€210K,right,3,2,4,medium/high,unique,yes,€118.4m,215914,"Tackling,Tactician",5,Chelsea,https://cdn.sofifa.net/teams/5/60.png,83,RES,7,2016-07-16,2023,,,,,,,68,65,54,81,56,78,49,49,76,81,77,68,78,91,92,71,75,91,72,65,91,89,72,77,54,84,90,92,85,15,12,10,7,10,"Injury prone,Leadership"
230025,2023-04-06,Ederson,Ederson Santana de Moraes,https://cdn.sofifa.net/flags/br.png,Ederson (born 17 August 1993) is a Brazilian footballer who plays as a goalkeeper for British club Manchester City. In the game FIFA 23 his overall rating is 88.,https://cdn.sofifa.net/players/210/257/23_120.png,188,190,GK,1993-08-17,88,90,€78M,€210K,left,3,1,3,medium/medium,unique,yes,€150.2m,210257,,10,Manchester City,https://cdn.sofifa.net/teams/10/60.png,85,GK,31,2017-07-01,2026,,,,,,,20,14,14,61,18,23,15,20,65,40,64,63,60,87,48,68,66,41,78,18,38,27,20,70,51,70,29,15,8,86,82,91,86,86,"Long passer (AI),Rushes out of goal,Comes for crosses"
230025,2023-04-06,Sadio Mané,Sadio Mané,https://cdn.sofifa.net/flags/sn.png,Sadio Mané (born 10 April 1992) is a Senegalese footballer who plays as a centre forward for German club FC Bayern München. In the game FIFA 23 his overall rating is 88.,https://cdn.sofifa.net/players/208/722/23_120.png,174,152,"CF,LM",1992-04-10,88,88,€89.5M,€150K,right,4,4,4,medium/medium,unique,yes,€147.7m,208722,"Poacher,Dribbler,Acrobat,Complete forward",21,FC Bayern München,https://cdn.sofifa.net/teams/21/60.png,85,SUB,17,2022-07-01,2025,,,,,,,78,85,84,84,75,88,77,64,71,86,84,79,91,91,88,83,86,85,72,78,75,35,90,84,75,84,42,42,38,10,10,15,7,14,"Flair,Speed dribbler (AI),Team player"
230025,2023-04-06,Marquinhos,Marcos Aoás Corrêa,https://cdn.sofifa.net/flags/br.png,Marquinhos (born 14 May 1994) is a Brazilian footballer who plays as a centre back for French club Paris Saint Germain. In the game FIFA 23 his overall rating is 88.,https://cdn.sofifa.net/players/207/865/23_120.png,183,165,CB,1994-05-14,88,90,€92M,€170K,right,3,3,3,medium/high,normal (170-185),yes,€177.1m,207865,"Tackling,Tactician",73,Paris Saint Germain,https://cdn.sofifa.net/teams/73/60.png,84,LCB,5,2013-07-19,2024,,,,,,,68,59,88,84,35,69,58,32,85,79,77,81,68,87,66,65,92,82,78,45,81,89,70,76,52,86,90,89,89,6,6,12,10,13,"Power header,Team player"
230025,2023-04-06,Virgil van Dijk,Virgil van Dijk,https://cdn.sofifa.net/flags/nl.png,"Virgil van Dijk (born 8 July 1991) is a Dutch footballer who plays as a centre back for British club Liverpool, and the Netherlands national team. In the game FIFA 23 his overall rating is 88.",https://cdn.sofifa.net/players/203/376/23_120.png,193,203,CB,1991-07-08,88,88,€75M,€210K,right,3,2,4,medium/high,unique,yes,€138.8m,203376,"Tackling,Tactician,Strength,Complete defender",9,Liverpool,https://cdn.sofifa.net/teams/9/60.png,84,LCB,4,2018-01-01,2025,105035,Netherlands,https://cdn.sofifa.net/teams/105035/60.png,82,lcb,4,53,52,85,79,45,70,60,70,86,76,67,87,61,88,53,81,88,74,93,64,85,88,47,65,62,89,90,90,86,13,10,13,11,11,"Leadership,Long passer (AI),Power header"
230025,2023-04-06,Heung Min Son,손흥민 孙兴慜,https://cdn.sofifa.net/flags/kr.png,"Heung Min Son (孙兴慜, 손흥민, Heung-Min Son, born 8 July 1992) is a Korean footballer who plays as a left winger for British club Tottenham Hotspur. In the game FIFA 23 his overall rating is 88.",https://cdn.sofifa.net/players/200/104/23_120.png,183,172,"LW,LM,ST",1992-07-08,88,88,€89.5M,€230K,right,5,4,4,high/medium,unique,yes,€170.1m,200104,"Dribbler,Distance shooter,Clinical finisher,Complete forward",18,Tottenham Hotspur,https://cdn.sofifa.net/teams/18/60.png,82,LW,7,2015-08-28,2025,,,,,,,83,91,68,81,79,86,87,74,74,82,85,88,82,91,76,88,60,88,64,89,62,39,91,81,73,89,47,34,33,11,13,13,6,10,"Solid player,Finesse shot,Long shot taker (AI),Speed dribbler (AI),Team player"
230025,2023-04-06,Marc-André ter Stegen,Marc-André ter Stegen,https://cdn.sofifa.net/flags/de.png,"Marc-André ter Stegen (born 30 April 1992) is a German footballer who plays as a goalkeeper for Spanish club FC Barcelona, and the Germany national team. In the game FIFA 23 his overall rating is 88.",https://cdn.sofifa.net/players/192/448/23_120.png,187,187,GK,1992-04-30,88,89,€68.5M,€210K,right,4,1,4,medium/medium,unique,yes,€145.6m,192448,,241,FC Barcelona,https://cdn.sofifa.net/teams/241/60.png,83,GK,1,2014-07-01,2025,1337,Germany,https://cdn.sofifa.net/teams/1337/60.png,82,gk,1,18,14,11,61,14,21,18,12,63,30,45,50,39,85,43,65,79,35,78,10,43,22,11,70,25,70,25,13,10,86,85,87,85,90,"Rushes out of goal,Comes for crosses,Saves with feet"
230025,2023-04-06,Toni Kroos,Toni Kroos,https://cdn.sofifa.net/flags/de.png,Toni Kroos (born 4 January 1990) is a German footballer who plays as a centre midfield for Spanish club Real Madrid. In the game FIFA 23 his overall rating is 88.,https://cdn.sofifa.net/players/182/521/23_120.png,183,168,"CM,CDM",1990-01-04,88,88,€72M,€310K,right,5,3,4,medium/medium,normal (170-185),yes,€147.6m,182521,"Playmaker,Distance shooter,Crosser,Complete midfielder",243,Real Madrid,https://cdn.sofifa.net/teams/243/60.png,85,LCM,8,2014-07-17,2023,,,,,,,88,77,58,93,82,80,86,84,93,88,55,52,63,90,71,89,32,75,72,86,60,80,76,89,73,88,71,73,60,10,11,13,7,10,"Long passer (AI),Long shot taker (AI),Playmaker (AI)"
230025,2023-04-06,Luka Modrić,Luka Modrić,https://cdn.sofifa.net/flags/hr.png,"Luka Modrić (born 9 September 1985) is a Croatian footballer who plays as a centre midfield for Spanish club Real Madrid, and the Croatia national team. In the game FIFA 23 his overall rating is 88.",https://cdn.sofifa.net/players/177/003/23_120.png,172,146,CM,1985-09-09,88,88,€29M,€230K,right,4,4,4,medium/medium,lean (170-185),yes,€59.5m,177003,"Playmaker,Crosser,Acrobat,Complete midfielder",243,Real Madrid,https://cdn.sofifa.net/teams/243/60.png,85,RCM,10,2012-08-01,2023,1328,Croatia,https://cdn.sofifa.net/teams/1328/60.png,80,rcm,10,86,72,55,91,76,85,85,78,92,90,76,70,91,88,92,79,67,83,58,82,62,80,78,90,83,92,70,75,72,13,9,7,14,9,"Long passer (AI),Long shot taker (AI),Playmaker (AI),Outside foot shot,Team player,Technical dribbler (AI)"
230025,2023-04-06,Rodri,Rodrigo Hernández Cascante,https://cdn.sofifa.net/flags/es.png,"Rodri (born 22 June 1996) is a Spanish footballer who plays as a central defensive midfielder for British club Manchester City, and the Spain national team. In the game FIFA 23 his overall rating is 87.",https://cdn.sofifa.net/players/231/866/23_120.png,191,181,CDM,1996-06-22,87,89,€88.5M,€200K,right,4,3,3,medium/high,normal (185+),yes,€170.4m,231866,,10,Manchester City,https://cdn.sofifa.net/teams/10/60.png,85,CDM,16,2019-07-04,2027,1362,Spain,https://cdn.sofifa.net/teams/1362/60.png,83,cdm,16,63,64,80,86,59,78,65,61,83,85,54,62,65,82,65,89,72,88,84,82,82,83,75,83,46,85,84,86,78,10,10,7,14,8,"Solid player,Long shot taker (AI)"
230025,2023-04-06,Frenkie de Jong,Frenkie de Jong,https://cdn.sofifa.net/flags/nl.png,"Frenkie de Jong (born 12 May 1997) is a Dutch footballer who plays as a centre midfield for Spanish club FC Barcelona, and the Netherlands national team. In the game FIFA 23 his overall rating is 87.",https://cdn.sofifa.net/players/228/702/23_120.png,180,163,CM,1997-05-12,87,92,€116.5M,€230K,right,3,4,3,high/medium,unique,yes,€247.6m,228702,"Dribbler,Playmaker,Acrobat,Complete midfielder",241,FC Barcelona,https://cdn.sofifa.net/teams/241/60.png,83,RCM,21,2019-07-01,2026,105035,Netherlands,https://cdn.sofifa.net/teams/105035/60.png,82,rcm,21,78,72,72,91,70,87,84,64,89,89,80,83,87,88,79,68,76,89,74,66,74,82,77,88,53,90,76,76,77,7,13,10,10,9,"Finesse shot,Flair,Playmaker (AI),Outside foot shot,Technical dribbler (AI)"
230025,2023-04-06,Mike Maignan,Mike Maignan,https://cdn.sofifa.net/flags/fr.png,"Mike Maignan (born 3 July 1995) is a French footballer who plays as a goalkeeper for Italian club Milan, and the France national team. In the game FIFA 23 his overall rating is 87.",https://cdn.sofifa.net/players/215/698/23_120.png,191,196,GK,1995-07-03,87,89,€75M,€90K,right,4,1,2,medium/medium,normal (185+),yes,€133.1m,215698,,47,Milan,https://cdn.sofifa.net/teams/47/60.png,81,GK,16,2021-07-01,2026,1335,France,https://cdn.sofifa.net/teams/1335/60.png,83,gk,16,18,15,17,57,16,31,38,16,53,40,50,53,41,85,56,65,74,39,78,20,35,25,15,61,15,66,23,16,19,85,82,87,85,89,"Leadership,GK Long throw,Comes for crosses"
230025,2023-04-06,João Cancelo,João Pedro Cavaco Cancelo,https://cdn.sofifa.net/flags/pt.png,"João Cancelo (born 27 May 1994) is a Portuguese footballer who plays as a right back for German club FC Bayern München, on loan from Manchester City, and the Portugal national team. In the game FIFA 23 his overall rating is 87.",https://cdn.sofifa.net/players/210/514/23_120.png,182,163,"RB,LB,RM",1994-05-27,87,87,€72M,€210K,right,4,4,3,high/low,unique,yes,,210514,Crosser,21,FC Bayern München,https://cdn.sofifa.net/teams/21/60.png,85,RM,22,,"jun 30, 2023",1354,Portugal,https://cdn.sofifa.net/teams/1354/60.png,83,rm,20,87,69,72,87,62,85,87,69,79,86,86,84,79,84,78,80,72,91,62,79,76,81,81,85,52,85,79,83,79,6,9,15,14,14,"Early crosser,Long shot taker (AI),Outside foot shot,Technical dribbler (AI)"
230025,2023-04-06,Antonio Rüdiger,Antonio Rüdiger,https://cdn.sofifa.net/flags/de.png,Antonio Rüdiger (born 3 March 1993) is a German footballer who plays as a centre back for Spanish club Real Madrid. In the game FIFA 23 his overall rating is 87.,https://cdn.sofifa.net/players/205/452/23_120.png,190,187,CB,1993-03-03,87,87,€66.5M,€250K,right,3,2,2,high/high,lean (185+),yes,€136.3m,205452,Strength,243,Real Madrid,https://cdn.sofifa.net/teams/243/60.png,85,LCB,22,2022-07-01,2026,,,,,,,68,40,82,80,34,64,50,56,78,72,72,91,56,85,50,77,84,71,90,67,92,84,49,61,40,78,88,87,84,14,15,10,12,8,"Long passer (AI),Long shot taker (AI)"
230025,2023-04-06,Marco Verratti,Marco Verratti,https://cdn.sofifa.net/flags/it.png,"Marco Verratti (born 5 November 1992) is an Italian footballer who plays as a centre midfield for French club Paris Saint Germain, and the Italy national team. In the game FIFA 23 his overall rating is 87.",https://cdn.sofifa.net/players/199/556/23_120.png,165,132,"CM,CAM",1992-11-05,87,87,€77.5M,€155K,right,4,4,3,medium/high,unique,yes,€143.4m,199556,"Dribbler,Playmaker,Tactician,Acrobat,Complete midfielder",73,Paris Saint Germain,https://cdn.sofifa.net/teams/73/60.png,84,CDM,6,2012-07-18,2026,1343,Italy,https://cdn.sofifa.net/teams/1343/60.png,82,lcm,6,82,60,57,90,64,91,85,64,89,92,65,55,90,87,93,60,66,75,53,58,89,86,78,89,64,94,78,82,84,12,12,15,15,10,"Injury prone,Dives into tackles (AI),Flair,Playmaker (AI),Outside foot shot"
230025,2023-04-06,De Gea,David De Gea Quintana,https://cdn.sofifa.net/flags/es.png,"De Gea (David de Gea Quintana, born 7 November 1990) is a Spanish footballer who plays as a goalkeeper for British club Manchester United. In the game FIFA 23 his overall rating is 87.",https://cdn.sofifa.net/players/193/080/23_120.png,192,168,GK,1990-11-07,87,87,€42M,€150K,right,3,1,4,medium/medium,unique,yes,€79.8m,193080,,11,Manchester United,https://cdn.sofifa.net/teams/11/60.png,82,GK,1,2011-07-01,2023,,,,,,,17,13,21,44,13,18,21,19,45,34,52,50,63,88,43,55,67,30,55,12,20,21,9,47,29,55,25,21,13,88,79,73,86,89,"Solid player,Cautious with crosses,Saves with feet"
230025,2023-04-06,Cristiano Ronaldo,Cristiano Ronaldo dos Santos Aveiro,https://cdn.sofifa.net/flags/pt.png,"Cristiano Ronaldo (Cristiano Ronaldo dos Santos Aveiro, born 5 February 1985) is a Portuguese footballer who plays as a striker for Saudi Arabian club Al Nassr, and the Portugal national team. In the game FIFA 23 his overall rating is 87.",https://cdn.sofifa.net/players/020/801/23_120.png,187,183,ST,1985-02-05,87,87,€27M,€72K,right,4,5,5,high/low,unique,yes,€45.9m,20801,"Distance shooter,Clinical finisher",112139,Al Nassr,https://cdn.sofifa.net/teams/112139/60.png,73,ST,7,2023-01-01,2025,1354,Portugal,https://cdn.sofifa.net/teams/1354/60.png,83,rs,7,77,90,89,76,84,79,79,75,70,86,75,82,77,89,67,92,95,70,75,87,62,29,92,76,90,93,24,32,24,7,11,15,14,11,"Power free-kick,Flair,Long shot taker (AI),Outside foot shot"
230025,2023-04-06,Federico Valverde,Federico Santiago Valverde Dipetta,https://cdn.sofifa.net/flags/uy.png,"Federico Valverde (Federico Santiago Valverde Dipetta, born 22 July 1998) is a Uruguayan footballer who plays as a centre midfield for Spanish club Real Madrid. In the game FIFA 23 his overall rating is 86.",https://cdn.sofifa.net/players/239/053/23_120.png,182,172,"CM,RW",1998-07-22,86,91,€102M,€210K,right,4,3,1,high/high,unique,yes,€216.8m,239053,"Engine,Distance shooter",243,Real Madrid,https://cdn.sofifa.net/teams/243/60.png,85,RW,15,2016-07-22,2027,,,,,,,78,76,59,86,70,81,74,69,87,85,84,91,77,87,68,89,62,89,80,87,81,81,80,83,59,82,79,82,79,6,10,6,15,8,"Long shot taker (AI),Outside foot shot"
230025,2023-04-06,Vinícius Jr.,Vinícius José Paixão de Oliveira Júnior,https://cdn.sofifa.net/flags/br.png,"Vinícius Jr. (Vinícius José Paixão de Oliveira Júnior, born 12 July 2000) is a Brazilian footballer who plays as a left winger for Spanish club Real Madrid. In the game FIFA 23 his overall rating is 86.",https://cdn.sofifa.net/players/238/794/23_120.png,176,161,LW,2000-07-12,86,92,€109M,€200K,right,4,5,2,high/high,lean (170-185),yes,€245.3m,238794,"Speedster,Dribbler,Acrobat",243,Real Madrid,https://cdn.sofifa.net/teams/243/60.png,85,LW,20,2018-07-12,2025,,,,,,,72,84,50,75,72,92,77,62,73,89,95,95,94,82,83,76,75,84,62,76,58,26,82,75,65,79,32,25,18,5,7,7,7,10,"Flair,Speed dribbler (AI),Outside foot shot,Technical dribbler (AI)"
230025,2023-04-06,Gregor Kobel,Gregor Kobel,https://cdn.sofifa.net/flags/ch.png,Gregor Kobel (born 6 December 1997) is a Swiss footballer who plays as a goalkeeper for German club Borussia Dortmund. In the game FIFA 23 his overall rating is 86.,https://cdn.sofifa.net/players/235/073/23_120.png,195,194,GK,1997-12-06,86,89,€72.5M,€52K,right,3,1,1,medium/medium,normal (185+),yes,€128.7m,235073,,22,Borussia Dortmund,https://cdn.sofifa.net/teams/22/60.png,81,GK,1,2021-07-01,2026,,,,,,,13,10,13,39,10,24,13,12,33,34,38,52,37,84,29,56,70,30,81,10,24,14,10,59,12,66,15,15,15,86,84,74,82,88,"Leadership,GK Long throw,Rushes out of goal,Comes for crosses,Saves with feet"
230025,2023-04-06,Christopher Nkunku,Christopher Nkunku,https://cdn.sofifa.net/flags/fr.png,Christopher Nkunku (born 14 November 1997) is a French footballer who plays as a centre forward for German club RB Leipzig. In the game FIFA 23 his overall rating is 86.,https://cdn.sofifa.net/players/232/411/23_120.png,175,161,"CF,CAM,ST",1997-11-14,86,89,€94M,€90K,right,3,5,3,medium/medium,normal (170-185),yes,€166.9m,232411,"Dribbler,Acrobat",112172,RB Leipzig,https://cdn.sofifa.net/teams/112172/60.png,81,LS,18,2019-07-18,2024,,,,,,,81,86,61,85,70,89,82,80,80,88,81,85,88,85,90,79,59,78,64,78,59,64,86,84,67,81,62,64,54,5,6,10,15,7,"Finesse shot,Flair,Playmaker (AI),Outside foot shot,Technical dribbler (AI)"
230025,2023-04-06,Milan Škriniar,Milan Škriniar,https://cdn.sofifa.net/flags/sk.png,Milan Škriniar (born 11 February 1995) is a Slovak footballer who plays as a centre back for Italian club Inter. In the game FIFA 23 his overall rating is 86.,https://cdn.sofifa.net/players/232/363/23_120.png,187,176,CB,1995-02-11,86,87,€68.5M,€105K,right,3,2,3,low/high,unique,yes,€118.2m,232363,,44,Inter,https://cdn.sofifa.net/teams/44/60.png,83,RCB,37,2017-07-07,2023,,,,,,,40,42,81,72,40,64,34,30,73,70,75,81,54,87,56,50,85,81,89,30,87,85,30,46,56,87,90,92,81,10,13,12,8,12,"Solid player,Team player"
230025,2023-04-06,Sergej Milinković-Savić,Sergej Milinković-Savić,https://cdn.sofifa.net/flags/rs.png,Sergej Milinković-Savić (born 27 February 1995) is a Serbian footballer who plays as a centre midfield for Italian club Lazio. In the game FIFA 23 his overall rating is 86.,https://cdn.sofifa.net/players/223/848/23_120.png,192,168,CM,1995-02-27,86,86,€72M,€90K,right,5,4,3,high/medium,normal (185+),yes,€122.4m,223848,,46,Lazio,https://cdn.sofifa.net/teams/46/60.png,79,RCM,21,2015-08-06,2024,,,,,,,71,82,86,86,74,85,81,78,86,87,66,70,62,84,63,83,87,91,87,81,79,79,82,83,59,84,78,79,74,7,10,7,16,7,"Flair,Power header,Outside foot shot"
230025,2023-04-06,Andrew Robertson,Andrew Robertson,https://cdn.sofifa.net/flags/gb-sct.png,"Andrew Robertson (born 11 March 1994) is a Scottish footballer who plays as a left back for British club Liverpool, and the Scotland national team. In the game FIFA 23 his overall rating is 86.",https://cdn.sofifa.net/players/216/267/23_120.png,178,141,LB,1994-03-11,86,86,€61.5M,€170K,left,2,3,3,high/high,unique,yes,€113.8m,216267,"Engine,Crosser",9,Liverpool,https://cdn.sofifa.net/teams/9/60.png,84,LB,26,2017-07-21,2026,1359,Scotland,https://cdn.sofifa.net/teams/1359/60.png,75,lwb,3,87,55,67,82,32,81,82,71,76,83,82,79,75,85,74,76,62,95,65,65,85,83,80,82,55,83,82,83,81,11,8,10,7,14,"Early crosser,Speed dribbler (AI)"
230025,2023-04-06,Aymeric Laporte,Aymeric Laporte,https://cdn.sofifa.net/flags/es.png,"Aymeric Laporte (born 27 May 1994) is a Spanish footballer who plays as a centre back for British club Manchester City, and the Spain national team. In the game FIFA 23 his overall rating is 86.",https://cdn.sofifa.net/players/212/218/23_120.png,191,187,CB,1994-05-27,86,87,€64.5M,€195K,left,3,2,3,medium/medium,unique,yes,€124.2m,212218,"Tackling,Tactician",10,Manchester City,https://cdn.sofifa.net/teams/10/60.png,85,SUB,14,2018-01-30,2025,1362,Spain,https://cdn.sofifa.net/teams/1362/60.png,83,rcb,24,58,45,84,83,40,63,61,69,81,78,55,65,57,87,55,68,80,67,83,47,82,87,54,65,44,84,86,87,86,10,11,5,14,5,"Injury prone,Long passer (AI)"
230025,2023-04-06,Bruno Fernandes,Bruno Miguel Borges Fernandes,https://cdn.sofifa.net/flags/pt.png,"Bruno Fernandes (born 8 September 1994) is a Portuguese footballer who plays as a central attacking midfielder for British club Manchester United, and the Portugal national team. In the game FIFA 23 his overall rating is 86.",https://cdn.sofifa.net/players/212/198/23_120.png,179,152,"CAM,CM,RM",1994-09-08,86,86,€72.5M,€190K,right,3,4,3,high/high,unique,yes,€137.8m,212198,"Playmaker,Engine,Distance shooter,Crosser,Complete midfielder",11,Manchester United,https://cdn.sofifa.net/teams/11/60.png,82,CAM,8,2020-01-30,2026,1354,Portugal,https://cdn.sofifa.net/teams/1354/60.png,83,lcm,8,86,83,64,89,87,79,86,85,87,85,75,69,78,91,79,88,71,94,66,88,82,66,85,92,90,81,69,74,65,12,14,15,8,14,"Solid player,Leadership,Flair,Long passer (AI),Long shot taker (AI),Playmaker (AI),Outside foot shot"
230025,2023-04-06,Paulo Dybala,Paulo Bruno Exequiel Dybala,https://cdn.sofifa.net/flags/ar.png,"Paulo Dybala (Paulo Bruno Exequiel Dybala, born 15 November 1993) is an Argentine footballer who plays as a centre forward for Italian club Roma, and the Argentina national team. In the game FIFA 23 his overall rating is 86.",https://cdn.sofifa.net/players/211/110/23_120.png,177,165,"CF,CAM",1993-11-15,86,86,€69.5M,€130K,left,3,4,3,high/low,unique,yes,€118.2m,211110,"Dribbler,Playmaker,FK Specialist,Complete midfielder",52,Roma,https://cdn.sofifa.net/teams/52/60.png,80,RF,21,2022-07-20,2025,1369,Argentina,https://cdn.sofifa.net/teams/1369/60.png,83,sub,21,82,83,58,86,88,90,89,88,79,93,84,76,88,79,90,84,74,73,60,89,43,42,82,91,84,79,32,41,39,5,4,4,5,8,"Injury prone,Finesse shot,Flair,Playmaker (AI),Outside foot shot,Technical dribbler (AI)"
230025,2023-04-06,Leon Goretzka,Leon Christoph Goretzka,https://cdn.sofifa.net/flags/de.png,"Leon Goretzka (Leon Christoph Goretzka, born 6 February 1995) is a German footballer who plays as a centre midfield for German club FC Bayern München, and the Germany national team. In the game FIFA 23 his overall rating is 86.",https://cdn.sofifa.net/players/209/658/23_120.png,189,181,"CM,CDM",1995-02-06,86,86,€72M,€105K,right,4,3,4,high/medium,unique,yes,€118.8m,209658,,21,FC Bayern München,https://cdn.sofifa.net/teams/21/60.png,85,LCM,8,2018-07-01,2026,1337,Germany,https://cdn.sofifa.net/teams/1337/60.png,82,sub,8,75,82,86,86,71,84,76,73,85,85,78,78,76,86,73,85,80,84,88,86,82,85,85,84,60,82,74,84,78,13,8,15,11,9,"Injury prone,Dives into tackles (AI),Long shot taker (AI)"
230025,2023-04-06,David Alaba,David Olatukunbo Alaba,https://cdn.sofifa.net/flags/at.png,"David Alaba (David Olatukunbo Alaba, born 24 June 1992) is an Austrian footballer who plays as a centre back for Spanish club Real Madrid, and the Austria national team. In the game FIFA 23 his overall rating is 86.",https://cdn.sofifa.net/players/197/445/23_120.png,180,172,"CB,LB",1992-06-24,86,86,€55.5M,€220K,left,4,3,4,medium/high,normal (170-185),yes,€113.8m,197445,Tactician,243,Real Madrid,https://cdn.sofifa.net/teams/243/60.png,85,SUB,4,2021-07-01,2026,1322,Austria,https://cdn.sofifa.net/teams/1322/60.png,77,sub,8,83,63,77,89,67,77,77,85,80,85,79,79,76,88,78,82,81,74,78,78,78,87,73,78,79,85,89,84,83,5,7,14,15,9,Long shot taker (AI)
230025,2023-04-06,Keylor Navas,Keylor Navas Gamboa,https://cdn.sofifa.net/flags/cr.png,"Keylor Navas (Keylor Navas Gamboa, born 15 December 1986) is a Costa Rican footballer who plays as a goalkeeper for British club Nottingham Forest, on loan from Paris Saint Germain. In the game FIFA 23 his overall rating is 86.",https://cdn.sofifa.net/players/193/041/23_120.png,185,176,GK,1986-12-15,86-1,86-1,€7.5M,€65K,right,3,1,3,medium/medium,normal (185+),yes,,193041,,14,Nottingham Forest,https://cdn.sofifa.net/teams/14/60.png,77,GK,12,,"jun 30, 2023",,,,,,,11,15,11,40,11,24,21,15,37,30,54,53,60,81,61,56,70,39,75,13,32,22,16,64,25,63,28,14,14,87,83,75,85,87,"GK Long throw,Cautious with crosses"
230025,2023-04-06,Ciro Immobile,Ciro Immobile,https://cdn.sofifa.net/flags/it.png,Ciro Immobile (born 20 February 1990) is an Italian footballer who plays as a striker for Italian club Lazio. In the game FIFA 23 his overall rating is 86.,https://cdn.sofifa.net/players/192/387/23_120.png,185,187,ST,1990-02-20,86,86,€55M,€100K,right,4,3,4,high/medium,unique,yes,€93.5m,192387,Clinical finisher,46,Lazio,https://cdn.sofifa.net/teams/46/60.png,79,ST,17,2016-07-27,2026,,,,,,,55,91,81,79,85,79,70,58,57,80,84,86,75,87,84,86,82,74,74,80,73,40,90,71,88,76,34,33,32,6,8,15,12,6,Outside foot shot
230025,2023-04-06,Parejo,Daniel Parejo Muñoz,https://cdn.sofifa.net/flags/es.png,Parejo (born 16 April 1989) is a Spanish footballer who plays as a centre midfield for Spanish club Villarreal. In the game FIFA 23 his overall rating is 86.,https://cdn.sofifa.net/players/189/513/23_120.png,182,163,"CM,CDM",1989-04-16,86,86,€42M,€64K,right,4,3,2,medium/medium,normal (170-185),yes,€88.2m,189513,"Playmaker,Crosser,FK Specialist,Complete midfielder",483,Villarreal,https://cdn.sofifa.net/teams/483/60.png,80,LCM,10,2020-08-12,2024,,,,,,,86,83,61,92,72,81,88,90,90,86,55,52,63,79,72,81,50,76,70,88,59,80,81,90,88,85,72,73,71,5,9,12,14,8,"Solid player,Leadership,Long passer (AI),Playmaker (AI)"
230025,2023-04-06,Thiago,Thiago Alcântara do Nascimento,https://cdn.sofifa.net/flags/es.png,"Thiago (Thiago Alcântara do Nascimento, born 11 April 1991) is a Spanish footballer who plays as a centre midfield for British club Liverpool. In the game FIFA 23 his overall rating is 86.",https://cdn.sofifa.net/players/189/509/23_120.png,174,154,CM,1991-04-11,86,86,€55.5M,€180K,right,3,5,3,medium/medium,normal (170-185),yes,€102.7m,189509,"Dribbler,Playmaker,Acrobat,Complete midfielder",9,Liverpool,https://cdn.sofifa.net/teams/9/60.png,84,LCM,6,2020-09-18,2024,,,,,,,78,68,54,90,82,89,85,77,88,92,69,55,90,82,90,75,86,75,60,73,80,82,75,87,75,88,68,76,75,6,11,7,9,13,"Injury prone,Dives into tackles (AI),Flair,Playmaker (AI),Outside foot shot,Technical dribbler (AI)"
230025,2023-04-06,Kevin Trapp,Kevin Trapp,https://cdn.sofifa.net/flags/de.png,"Kevin Trapp (born 8 July 1990) is a German footballer who plays as a goalkeeper for German club Eintracht Frankfurt, and the Germany national team. In the game FIFA 23 his overall rating is 86.",https://cdn.sofifa.net/players/188/943/23_120.png,189,185,GK,1990-07-08,86,86,€36M,€43K,right,4,1,3,medium/medium,normal (185+),yes,€61.2m,188943,,1824,Eintracht Frankfurt,https://cdn.sofifa.net/teams/1824/60.png,78,GK,1,2019-08-07,2026,1337,Germany,https://cdn.sofifa.net/teams/1337/60.png,82,sub,22,13,13,11,25,12,10,14,12,12,24,43,50,42,84,37,59,76,45,75,13,30,22,12,46,17,64,15,14,10,84,82,79,85,88,"Leadership,Rushes out of goal,Saves with feet"
230025,2023-04-06,Wojciech Szczęsny,Wojciech Tomasz Szczęsny,https://cdn.sofifa.net/flags/pl.png,"Wojciech Szczęsny (Wojciech Tomasz Szczęsny, born 18 April 1990) is a Polish footballer who plays as a goalkeeper for Italian club Juventus, and the Poland national team. In the game FIFA 23 his overall rating is 86.",https://cdn.sofifa.net/players/186/153/23_120.png,195,198,GK,1990-04-18,86,86,€33.5M,€125K,right,3,1,3,medium/medium,lean (185+),yes,€57m,186153,,45,Juventus,https://cdn.sofifa.net/teams/45/60.png,82,GK,1,2017-07-19,2024,1353,Poland,https://cdn.sofifa.net/teams/1353/60.png,77,gk,1,12,12,16,32,14,11,16,14,36,22,51,47,55,82,51,55,71,45,65,14,40,15,14,48,18,65,20,13,12,86,83,73,86,87,
230025,2023-04-06,Thiago Silva,Thiago Emiliano da Silva,https://cdn.sofifa.net/flags/br.png,Thiago Silva (born 22 September 1984) is a Brazilian footballer who plays as a centre back for British club Chelsea. In the game FIFA 23 his overall rating is 86.,https://cdn.sofifa.net/players/164/240/23_120.png,183,174,CB,1984-09-22,86,86,€12M,€115K,right,3,2,4,medium/high,normal (170-185),yes,€22.2m,164240,"Tackling,Tactician",5,Chelsea,https://cdn.sofifa.net/teams/5/60.png,83,SUB,6,2020-08-28,2024,,,,,,,60,40,82,83,61,67,62,61,84,80,45,52,62,88,66,71,88,66,79,65,77,89,59,73,60,86,90,87,85,9,12,5,9,10,"Leadership,Power header,Team player"
230025,2023-04-06,Jude Bellingham,Jude Victor William Bellingham,https://cdn.sofifa.net/flags/gb-eng.png,"Jude Bellingham (Jude Victor William Bellingham, born 29 June 2003) is a British footballer who plays as a centre midfield for German club Borussia Dortmund, and the England national team. In the game FIFA 23 his overall rating is 85.",https://cdn.sofifa.net/players/252/371/23_120.png,186,165,CM,2003-06-29,85,91,€81.5M,€44K,right,4,4,2,high/high,lean (185+),yes,€154.9m,252371,"Dribbler,Engine",22,Borussia Dortmund,https://cdn.sofifa.net/teams/22/60.png,81,RCM,22,2020-07-23,2025,1318,England,https://cdn.sofifa.net/teams/1318/60.png,83,lcm,22,66,77,69,86,71,86,73,49,85,84,77,70,81,85,79,78,77,91,75,74,85,81,78,84,56,81,79,79,77,14,11,10,5,8,"Dives into tackles (AI),Leadership,Flair,Technical dribbler (AI)"
230025,2023-04-06,Pedri,Pedro González López,https://cdn.sofifa.net/flags/es.png,"Pedri (born 25 November 2002) is a Spanish footballer who plays as a centre midfield for Spanish club FC Barcelona, and the Spain national team. In the game FIFA 23 his overall rating is 85.",https://cdn.sofifa.net/players/251/854/23_120.png,174,134,CM,2002-11-25,85,92,€104.5M,€115K,right,4,4,2,high/high,lean (170-185),yes,€235.1m,251854,"Dribbler,Playmaker,Engine,Acrobat,Complete midfielder",241,FC Barcelona,https://cdn.sofifa.net/teams/241/60.png,83,LCM,8,2020-08-04,2026,1362,Spain,https://cdn.sofifa.net/teams/1362/60.png,83,lcm,26,68,72,50,87,56,87,79,62,85,88,82,76,88,85,90,68,65,88,73,68,62,72,77,88,53,87,68,73,63,12,7,11,8,8,"Solid player,Flair,Long passer (AI),Technical dribbler (AI)"
230025,2023-04-06,Matthijs de Ligt,Matthijs de Ligt,https://cdn.sofifa.net/flags/nl.png,"Matthijs de Ligt (born 12 August 1999) is a Dutch footballer who plays as a centre back for German club FC Bayern München, and the Netherlands national team. In the game FIFA 23 his overall rating is 85.",https://cdn.sofifa.net/players/235/243/23_120.png,189,196,CB,1999-08-12,85,89,€71M,€77K,right,3,2,3,medium/high,unique,yes,€122.5m,235243,Strength,21,FC Bayern München,https://cdn.sofifa.net/teams/21/60.png,85,LCB,4,2022-07-19,2027,105035,Netherlands,https://cdn.sofifa.net/teams/105035/60.png,82,rcb,3,52,50,85,77,45,65,48,55,67,73,62,71,53,85,62,82,89,75,92,67,85,81,44,45,40,82,84,85,88,12,11,11,12,10,"Solid player,Leadership,Power header"
230025,2023-04-06,Theo Hernández,Theo Bernard François Hernández,https://cdn.sofifa.net/flags/fr.png,"Theo Hernández (Theo Bernard François Hernández, born 6 October 1997) is a French footballer who plays as a left back for Italian club Milan, and the France national team. In the game FIFA 23 his overall rating is 85.",https://cdn.sofifa.net/players/232/656/23_120.png,184,179,"LB,LM",1997-10-06,85,90,€76M,€82K,left,3,3,3,high/medium,unique,yes,€134.9m,232656,Speedster,47,Milan,https://cdn.sofifa.net/teams/47/60.png,81,LB,19,2019-07-05,2026,1335,France,https://cdn.sofifa.net/teams/1335/60.png,83,lb,22,84,69,74,79,66,83,69,64,68,79,92,94,78,85,76,83,68,90,81,72,82,78,80,73,50,80,74,81,80,12,10,7,7,7,Speed dribbler (AI)
230025,2023-04-06,Lautaro Martínez,Lautaro Javier Martínez,https://cdn.sofifa.net/flags/ar.png,"Lautaro Martínez (Lautaro Javier Martínez, born 22 August 1997) is an Argentine footballer who plays as a striker for Italian club Inter, and the Argentina national team. In the game FIFA 23 his overall rating is 85.",https://cdn.sofifa.net/players/231/478/23_120.png,174,159,ST,1997-08-22,85-1,88-1,€74.5M,€100K,right,4,4,3,high/medium,unique,yes,€128.5m,231478,Acrobat,44,Inter,https://cdn.sofifa.net/teams/44/60.png,83,LS,10,2018-07-05,2026,1369,Argentina,https://cdn.sofifa.net/teams/1369/60.png,83,sub,22,58,88,84,76,90,84,78,54,73,86,86,80,86,86,89,80,89,80,84,76,90,45,87,80,74,86,55,31,44,11,8,8,8,13,"Flair,Outside foot shot,Technical dribbler (AI)"
230025,2023-04-06,Trent Alexander-Arnold,Trent Alexander-Arnold,https://cdn.sofifa.net/flags/gb-eng.png,"Trent Alexander-Arnold (born 7 October 1998) is a British footballer who plays as a right back for British club Liverpool, and the England national team. In the game FIFA 23 his overall rating is 85.",https://cdn.sofifa.net/players/231/281/23_120.png,180,152,RB,1998-10-07,85,88,€68M,€130K,right,4,3,3,high/medium,unique,yes,€130.9m,231281,Crosser,9,Liverpool,https://cdn.sofifa.net/teams/9/60.png,84,RB,66,2015-10-07,2025,1318,England,https://cdn.sofifa.net/teams/1318/60.png,83,sub,18,91,62,69,87,63,78,87,85,91,84,73,79,73,82,73,82,66,89,66,75,69,82,78,90,55,80,77,81,78,14,15,14,6,7,"Early crosser,Long passer (AI),Long shot taker (AI)"